<?xml version="1.0"encoding="utf=8"?>
<lugares>
	<locacion>
		<imagen>Bangkok.jpg</imagen>
		<info continente="asia">Info de Bangkok</info>
	</locacion>
	<locacion>
		<imagen>Brasil.jpg</imagen>
		<info continente="america">Info de Brasil</info>
	</locacion>
	<locacion>
		<imagen>Egypt.jpg</imagen>
		<info continente="africa">Info de Egipto</info>
	</locacion>
	<locacion>
		<imagen>London.jpg</imagen>
		<info continente="europa">Info de Londres</info>
	</locacion>
	<locacion>
		<imagen>Mexico.jpg</imagen>
		<info continente="america">Info de MX</info>
	</locacion>
	<locacion>
		<imagen>New_York.jpg</imagen>
		<info continente="america">Info de New York</info>
	</locacion>
	<locacion>
		<imagen>Paris.jpg</imagen>
		<info continente="europa">Info de Paris</info>
	</locacion>
	<locacion>
		<imagen>Rome.jpg</imagen>
		<info continente="europa">Info de Roma</info>
	</locacion>
	<locacion>
		<imagen>Venece.jpg</imagen>
		<info continente="europa">Info de Venecia</info>
	</locacion>
</lugares>